Username;Mot de passe;Nom;Prenom;Date de naissance
user484;azerty;Moukoko;Alex-Stephane;15/1/2002
user217;RDPC;Biya;Paul;13/2/1933
user615;merci;Trump;Donald;5/4/2021
user311;ingrid;Emoune;Bonel;5/4/2003
user567;goat;Messi;Lionel Andrï¿½s;14/1/1990
user148;cr7;Ronaldo;Cristiano;7/7/1987
user494;g855;Muller;Thomas;25/5/1991
user591;abcdef;Lincoln;Abraham;1/5/1850
user675;pingou;Eyebe;Fleurine;24/10/2005
user897;Tayor;Tayo;Randy;14/7/2007
user791;gazo;Pamen;Esdras;1/1/2010
user680;wags;Djatsa;Jenny;28/3/2009
user480;jj;Bonki;Lucresse;29/12/2005
user101;gjuj;BERM;AHM;54/520/414
user831;audd;Momha;David;5/12/2005
user530;4545;Siani;Bruce;10/10/2000
user788;zaza;Siani;Bruce;10/10/2000
user18;fdg;Ahmed;brem;1/1/1000
user335;grfgrdg;rod;pod;15/1/2007